feature_name,feature_importance
byte_1G_00,0.0035208205321899584
byte_1G_01,0.0012858439937292888
byte_1G_02,0.006428478236067086
byte_1G_03,0.007291933642431433
byte_1G_04,0.0008693304704714281
byte_1G_06,0.0035625190942556967
byte_1G_08,0.0018327108069089305
byte_1G_09,0.004648639803863184
byte_1G_0b,0.0012415242857002219
byte_1G_0c,0.0006593189016316405
byte_1G_0e,0.0021860893762546173
byte_1G_0f,0.003373147285294654
byte_1G_10,0.0068723685364006385
byte_1G_11,0.0015727831001606076
byte_1G_12,0.0018257865885302643
byte_1G_13,0.0048722947427204295
byte_1G_16,0.0015671655292764496
byte_1G_17,0.0020319540075232553
byte_1G_1a,0.0023151805277728315
byte_1G_1d,0.0031626404254436642
byte_1G_1e,0.0028680872329525085
byte_1G_1f,0.0022580468990985093
byte_1G_20,0.0015945484840742686
byte_1G_21,0.0006612291683912928
byte_1G_26,0.004008921003305367
byte_1G_29,0.004861985436385291
byte_1G_2a,0.002065350896697399
byte_1G_2e,0.002708622273782507
byte_1G_2f,0.0019999927332424224
byte_1G_30,0.000645298955326985
byte_1G_31,0.0010044148236519799
byte_1G_32,0.0009411624398131477
byte_1G_33,0.0067661294223967505
byte_1G_34,0.002780398971536018
byte_1G_35,0.002371616198207746
byte_1G_36,0.001176178824902121
byte_1G_37,0.0014368988286015815
byte_1G_38,0.0012822504106957074
byte_1G_39,0.0011561546199242868
byte_1G_3a,0.0019341620649390837
byte_1G_3d,0.002842454106241135
byte_1G_3e,0.001398559948193214
byte_1G_45,0.004270993623193065
byte_1G_4b,0.005591889331677182
byte_1G_50,0.0005639048034429115
byte_1G_59,0.0010773705124206437
byte_1G_6a,0.0034130160730548175
byte_1G_71,0.008698986936904556
byte_1G_75,0.001607873458925897
byte_1G_77,0.0018827275177956877
byte_1G_7a,0.003491802578125563
byte_1G_7b,0.0038147428935456557
byte_1G_80,0.004989712503968877
byte_1G_83,0.0031174237424151053
byte_1G_85,0.0033814778915821704
byte_1G_89,0.0017184049086024908
byte_1G_8b,0.005649898701059736
byte_1G_8d,0.0016220280991669444
byte_1G_8f,0.0034154996843411343
byte_1G_91,0.0071684105178114335
byte_1G_92,0.0030072999159023845
byte_1G_96,0.0016614251078666505
byte_1G_97,0.0016262308049336878
byte_1G_99,0.01218377634999219
byte_1G_9a,0.011225306122997523
byte_1G_9b,0.011069004944790352
byte_1G_9e,0.0023573801718795202
byte_1G_9f,0.00332094204586856
byte_1G_a2,0.014019770167603354
byte_1G_a3,0.0034063047361322213
byte_1G_a4,0.008368786739035296
byte_1G_a7,0.01091592107532025
byte_1G_a9,0.004091599694233486
byte_1G_aa,0.004182047360031006
byte_1G_ab,0.0037055208120856287
byte_1G_ad,0.007504377538899353
byte_1G_ae,0.010929324273228198
byte_1G_af,0.0030358068917147197
byte_1G_b1,0.012206909514422557
byte_1G_b2,0.001542918685480743
byte_1G_b3,0.0017048776945232905
byte_1G_b7,0.004877452097401929
byte_1G_b9,0.002965374879961999
byte_1G_bb,0.006211921222206529
byte_1G_bf,0.00454288423770205
byte_1G_c1,0.006589990269979672
byte_1G_c3,0.004270127826194818
byte_1G_c7,0.0030775276546253453
byte_1G_cb,0.0021528247835356095
byte_1G_cd,0.009789464782343285
byte_1G_cf,0.006107251777926125
byte_1G_d2,0.0018008110706393104
byte_1G_d5,0.006196154185242472
byte_1G_d7,0.001905192929704246
byte_1G_d8,0.0028880766673897084
byte_1G_db,0.0009647453612969868
byte_1G_dd,0.013345648701626259
byte_1G_e3,0.0017504628186924525
byte_1G_e8,0.003578956134672984
byte_1G_eb,0.004482688798140768
byte_1G_ed,0.0016325959419996041
byte_1G_ee,0.0006112635893698777
byte_1G_f5,0.005104380882884801
byte_1G_fc,0.004352787384643095
byte_1G_ff,0.002620058650760604
byte_filesize,0.004808712805213148
byte_offset,0.012246920645444605
ent_q_diffs_0,0.002149793220733355
ent_q_diffs_1,0.0014451663950763526
ent_q_diffs_4,0.002537462534319864
ent_q_diffs_5,0.00200561390648974
ent_q_diffs_10,0.0024053546329626326
ent_q_diffs_11,0.0026562734572638334
ent_q_diffs_12,0.0027213007702481416
ent_q_diffs_13,0.0012687690267390763
ent_q_diffs_14,0.0013654119231623174
ent_q_diffs_15,0.0013261500829734817
ent_q_diffs_17,0.0008884320222007873
ent_q_diffs_18,0.0029300214195160847
ent_q_diffs_19,0.006174293612307714
ent_q_diffs_20,0.002562581782718942
ent_q_diffs_var,0.003364082577248989
ent_q_diffs_median,0.0005935023934808155
ent_q_diffs_max,0.0065854145301910945
ent_q_diffs_min,0.004706518695189729
ent_q_diffs_max-min,0.003301169800410805
ent_q_diff_diffs_5,0.00047825751135150405
ent_q_diff_diffs_8,0.0027472745982027058
ent_q_diff_diffs_9,0.0048626012737699505
ent_q_diff_diffs_10,0.003151189819572757
ent_q_diff_diffs_11,0.0012010225701892213
ent_q_diff_diffs_12,0.012504533208719991
ent_q_diff_diffs_13,0.0013309183977456406
ent_q_diff_diffs_16,0.0012540239084344329
ent_q_diff_diffs_17,0.0003354593908697891
ent_q_diff_diffs_19,0.0003698777815198004
ent_q_diff_diffs_mean,0.0022091362089413343
ent_q_diff_diffs_var,0.000822411643020894
ent_q_diff_diffs_median,0.002057359785068228
ent_q_diff_diffs_max,0.0024626613911173136
ent_q_diff_block_0_18,0.0018243971708246365
ent_q_diff_block_0_19,0.0017881250887024607
ent_q_diff_diffs_0_mean,0.001058102572569737
ent_q_diff_diffs_0_var,0.0006364078699671498
ent_q_diff_diffs_0_median,0.0018730193615732313
ent_q_diff_diffs_0_max,0.002454002701244568
ent_q_diff_diffs_0_min,0.0013121631857358506
ent_q_diff_diffs_0_max-min,0.0007067757692923847
ent_q_diff_block_1_0,0.001462638906706273
ent_q_diff_diffs_1_mean,0.001907780948964663
ent_q_diff_diffs_1_var,0.0011192784196275667
ent_q_diff_diffs_1_median,0.019962723940529163
ent_q_diff_diffs_1_max,0.0009053383127347978
ent_q_diff_diffs_1_min,0.007616738301687416
ent_q_diff_diffs_1_max-min,0.0015286086253769927
ent_q_diff_block_2_19,0.0006484551580869201
ent_q_diff_diffs_2_mean,0.0020506314202416993
ent_q_diff_diffs_2_var,0.0016055430137350945
ent_q_diff_diffs_2_median,0.012135547057576475
ent_q_diff_diffs_2_max,0.002722324255827684
ent_q_diff_diffs_2_min,0.021718259935917375
ent_q_diff_diffs_2_max-min,0.0010912196820457598
ent_q_diff_block_3_0,0.0012120267883523434
ent_q_diff_block_3_1,0.0016622155652907906
ent_q_diff_block_3_3,0.0014552857148705464
ent_q_diff_block_3_15,0.0012642873997262708
ent_q_diff_block_3_19,0.0003824614801501388
ent_q_diff_diffs_3_mean,0.00039976756811449846
ent_q_diff_diffs_3_var,0.0004439952598198773
ent_q_diff_diffs_3_median,0.0016609575955582505
ent_q_diff_diffs_3_max,0.0009597569604912115
ent_q_diff_diffs_3_min,0.0037193086128216794
ent_q_diff_diffs_3_max-min,0.0009415260188234502
ent_p_0,0.0034588741512628796
ent_p_1,0.0033867632902493446
ent_p_2,0.002331827199945236
ent_p_3,0.0029071887121192254
ent_p_4,0.004028950953352136
ent_p_5,0.0024837451844841895
ent_p_6,0.003893684942440416
ent_p_7,0.004214840570714295
ent_p_8,0.0012825867522374627
ent_p_9,0.002270654724623391
ent_p_10,0.0006810217219085321
ent_p_11,0.0012489602259667314
ent_p_12,0.001016792527592094
ent_p_13,0.002222739342109841
ent_p_14,0.0017169111658229257
ent_p_15,0.0020007092999258518
ent_p_16,0.0025568037328946385
ent_p_17,0.003795870502907282
ent_p_18,0.005138274479585519
ent_p_19,0.00987625095980985
ent_p_diffs_0,0.0043994945709655234
ent_p_diffs_1,0.0013952441807122446
ent_p_diffs_2,0.001160854848571879
ent_p_diffs_3,0.0014396993072482186
ent_p_diffs_4,0.002317552755869831
ent_p_diffs_5,0.003381241853910386
ent_p_diffs_6,0.0037691257340692207
ent_p_diffs_7,0.004990156744462064
ent_p_diffs_8,0.003933589233681661
ent_p_diffs_9,0.0017015254873696225
ent_p_diffs_10,0.0016492088571788957
ent_p_diffs_11,0.0021039275511873594
ent_p_diffs_15,0.0009030460045266674
ent_p_diffs_16,0.0006709110707363556
ent_p_diffs_17,0.001825511690721624
ent_p_diffs_18,0.0023447005003139764
ent_p_diffs_19,0.003557986084039406
byte_Img1_0,0.0013996042777698746
byte_Img1_1,0.0037526572779048835
byte_Img1_2,0.0027484794231804528
byte_Img1_3,0.000784005830904931
byte_Img1_4,0.0015143878976046777
byte_Img1_5,0.0013679014780246467
byte_Img1_6,0.0015229416596269799
byte_Img1_7,0.0008960148964922977
byte_Img1_8,0.0012990860130278577
byte_Img1_9,0.0009347547556871253
byte_Img1_10,0.000966825797250709
byte_Img1_11,0.005837056466845878
byte_Img1_12,0.0033952415044959123
byte_Img1_13,0.0014987263966150324
byte_Img1_14,0.00115093688621639
byte_Img1_15,0.004384202564554955
byte_Img1_18,0.0012565685278553501
byte_Img1_19,0.0010426935710414979
byte_Img1_20,0.0012557389315572109
byte_Img1_21,0.0025630796186486443
byte_Img1_22,0.0012018185481239593
byte_Img1_23,0.0006580764778690941
byte_Img1_24,0.003916555557222353
byte_Img1_25,0.00315339448784052
byte_Img1_26,0.000704330339293273
byte_Img1_27,0.0008425714989311077
byte_Img1_28,0.001251229589704882
byte_Img1_29,0.0007937166991868866
byte_Img1_31,0.0008373181174743605
byte_Img1_33,0.0007360134854025624
byte_Img1_34,0.0025713669029583685
byte_Img1_35,0.000830239500292667
byte_Img1_36,0.0012284609869136483
byte_Img1_37,0.002590149834463319
byte_Img1_38,0.004975726790993082
byte_Img1_39,0.0009794375319507349
byte_Img1_40,0.00209904593550663
byte_Img1_41,0.001937329222407914
byte_Img1_42,0.0008611906904770384
byte_Img1_43,0.0006790342004735712
byte_Img1_44,0.000860653932508042
byte_Img1_45,0.0013233701224265133
byte_Img1_46,0.0005383766241710921
byte_Img1_47,0.0013112559792938245
byte_Img1_48,0.0005639885092385128
byte_Img1_49,0.0006461868295306313
byte_Img1_50,0.004073844535468545
byte_Img1_51,0.00299774425479648
string_len_counts_1,0.0011718546032639533
string_len_counts_2,0.005097352517361086
string_len_counts_4,0.0011694873590650243
string_len_counts_5,0.0010884668987212536
string_len_counts_6,0.0016290453835893005
string_len_counts_9,0.00203993448337871
string_len_counts_11,0.001065703975195723
string_len_counts_12,0.0009668746343169756
string_len_counts_13,0.0011590588765007569
string_len_counts_16,0.0017781437813298075
string_len_counts_26,0.0033531241709907323
string_len_counts_36,0.004498546182958218
string_len_counts_43,0.00687944832832473
string_len_counts_44,0.004284060347300656
string_len_counts_52,0.005400290702282955
string_len_counts_98,0.011817468132390187
string_len_counts_0_10,0.0008716029967519751
string_len_counts_10_30,0.0014654508467142255
string_len_counts_30_60,0.0030496780934544327
string_len_counts_0_100,0.0017610611509207034
string_len_counts_150_250,0.009360664686689744
string_total_len,0.0015120878337482044
string_ratio,0.0023160748424767737
asm_md_filesize,0.002702565249379652
asm_md_loc,0.0013418363671385655
asm_symb_Star,0.0007302462860852604
asm_symb_Plus,0.0011681427566128224
asm_symb_Bracket_Open,0.0013281741776017628
asm_symb_Bracket_Close,0.0008319496522538822
asm_symb_AtSign,0.0007483056076946125
asm_symb_Question,0.00046580736656727685
asm_opcodes_add,0.0006140687545638286
asm_opcodes_al,0.0009466027489524924
asm_opcodes_call,0.0030869860097900046
asm_opcodes_cmp,0.0023114898745269364
asm_opcodes_const,0.003089755783269737
asm_opcodes_db,0.0021725879088651838
asm_opcodes_dd,0.0014519945379385041
asm_opcodes_dec,0.0011997377660871611
asm_opcodes_dw,0.00044392712025910356
asm_opcodes_endp,0.0031905765995298885
asm_opcodes_ends,0.0005724154199496652
asm_opcodes_fword,0.0011174273695696228
asm_opcodes_imul,0.0006657326011932441
asm_opcodes_in,0.00045849811417356877
asm_opcodes_inc,0.0019242289765351974
asm_opcodes_int,0.001580472477009615
asm_opcodes_jb,0.0005668797465807912
asm_opcodes_jge,0.0010317779082126062
asm_opcodes_jl,0.0010499881885736074
asm_opcodes_jmp,0.002954559260939048
asm_opcodes_jnb,0.007917939850611722
asm_opcodes_jno,0.0009984722701022056
asm_opcodes_jnz,0.004171786118145796
asm_opcodes_jo,0.0005419438270457132
asm_opcodes_jz,0.002899551106754092
asm_opcodes_lea,0.0031152499722758107
asm_opcodes_mov,0.0015223544513392505
asm_opcodes_movzx,0.004108175919215127
asm_opcodes_mul,0.0032800856650526287
asm_opcodes_near,0.002299872158758387
asm_opcodes_neg,0.002153650288445051
asm_opcodes_not,0.0033994983369783627
asm_opcodes_or,0.0005369387485933079
asm_opcodes_pop,0.0012631031181820796
asm_opcodes_popf,0.001160123280211312
asm_opcodes_push,0.0017121173958146762
asm_opcodes_pushf,0.0010151901063715429
asm_opcodes_rep,0.0032102542947716724
asm_opcodes_retn,0.0015382175250072691
asm_opcodes_rol,0.0007443828993797615
asm_opcodes_ror,0.0011711516760647266
asm_opcodes_sbb,0.002117602697985047
asm_opcodes_setz,0.0033015128767698997
asm_opcodes_shl,0.0024645733218042545
asm_opcodes_shr,0.002144959200065579
asm_opcodes_sub,0.0011453417351661342
asm_opcodes_test,0.0025128977824431247
asm_opcodes_xchg,0.0023238246881188513
asm_opcodes_xor,0.0008816732049761493
asm_regs_esi,0.0025974251361539124
asm_regs_ah,0.0006391290028289043
asm_regs_al,0.0005236861725106858
asm_regs_ax,0.0020751856899518173
asm_regs_bl,0.0007366811948904585
asm_regs_cl,0.0009336758379659914
asm_regs_dl,0.00037311394975067665
asm_regs_eax,0.001104289096348352
asm_regs_ebp,0.0029810841172826534
asm_regs_ebx,0.0015689305933822698
asm_regs_ecx,0.0010893991564077789
asm_regs_edi,0.0011819148950601393
asm_regs_esp,0.002967592219392336
